acc_mae,viol_violation_rate
0.6087724922876505,0.2635183449050368
