endpoint,tl,acc_mae,viol_violation_rate
CYP1A2_IC50,exact_only,0.8924192366839693,0.6461563178579952
CYP1A2_IC50,satisficing@0.02,0.9601595427835504,0.3761862002352847
CYP1A2_IC50,satisficing@0.05,0.9418498760041067,0.4172116805573403
CYP1A2_IC50,satisficing@0.10,0.95418506118013,0.4409131294457367
CYP1A2_IC50,satisficing@0.20,0.949456408082973,0.5532376534235397
CYP1A2_IC50,tobit,1.3832902185093972,0.160201577447062
CYP2C19_IC50,exact_only,0.804313463871706,0.5938943370982206
CYP2C19_IC50,satisficing@0.02,0.8408562566410994,0.3764880892308077
CYP2C19_IC50,satisficing@0.05,0.7966436823054489,0.3844072861669949
CYP2C19_IC50,satisficing@0.10,0.7942621718690773,0.4741943626652364
CYP2C19_IC50,satisficing@0.20,0.8308461102381255,0.5149858215998993
CYP2C19_IC50,tobit,1.0221030851768853,0.2144537020750613
CYP2C9_IC50,exact_only,0.7349206411356602,0.590901552713865
CYP2C9_IC50,satisficing@0.02,0.7820837105474265,0.3876099285774373
CYP2C9_IC50,satisficing@0.05,0.7764512620527553,0.4218869924383632
CYP2C9_IC50,satisficing@0.10,0.7665692743108037,0.4363148481218603
CYP2C9_IC50,satisficing@0.20,0.7614154733734868,0.4896069236001459
CYP2C9_IC50,tobit,0.9340154438434236,0.2796049030711671
CYP2D6_IC50,exact_only,0.8411341661563922,0.6184675519282719
CYP2D6_IC50,satisficing@0.02,0.8099163409448819,0.3457368027598644
CYP2D6_IC50,satisficing@0.05,0.8088031766659723,0.3509411337715965
CYP2D6_IC50,satisficing@0.10,0.7734609050107512,0.4094816199678158
CYP2D6_IC50,satisficing@0.20,0.7888032710465345,0.4770871995175625
CYP2D6_IC50,tobit,1.0213255602883935,0.1999568872172028
CYP3A4_IC50,exact_only,0.6726728670188273,0.5516047351723905
CYP3A4_IC50,satisficing@0.02,0.7916514584923563,0.3852887618920546
CYP3A4_IC50,satisficing@0.05,0.7593009302064868,0.4290304091756627
CYP3A4_IC50,satisficing@0.10,0.7423672209441913,0.4321593918110645
CYP3A4_IC50,satisficing@0.20,0.7250962272750019,0.4678255702355345
CYP3A4_IC50,tobit,0.9344611051128876,0.2945601173431463
hERG_IC50,exact_only,0.6802405715415045,0.5416086926858346
hERG_IC50,satisficing@0.02,0.7313184987903799,0.4068231730745061
hERG_IC50,satisficing@0.05,0.6904448075472057,0.4696447141159192
hERG_IC50,satisficing@0.10,0.6706589924559961,0.4928726116479405
hERG_IC50,satisficing@0.20,0.6842966585295913,0.5025140760610011
hERG_IC50,tobit,0.778242031047336,0.3447025983259542
